locale,title,name,address_1,address_2,state,state_code,city,postal_code,country,country_code,latitude,longitude,dob,gender,height,weight,hair_color,eye_color,ethnicity,blood_type,phone_cc,phone,ssn,national_id,cc_number,cc_expiration,cc_code,cc_type,iban,swiftBicNumber,bank_account_number,bank_routing_number,bank_name,bitcoin_address,ethereum_address,ripple_address,monero_address,username,password,user_agent,email,local_ipv4,ipv4,ipv6,hex_color,mac_address,emoji,website,uuid,company_name,company_email,company_catch_phrase,company_description,job_title,salary,ein,education_level,university,car,license_plate,drivers_license_number,miscellaneous
"en_IN","","Jatin Malpani","82, Malad, Meerut - 483062","","","","","","India","in","46.094185","-116.575987","1962-1-31","male","69","146.6","Black","Green","White","O+","","047 30749404","000-00-0000","","4485266721627985","2023-11-30","885","Visa","IN54660911609131042735157340","CVVGGPGZ","2147483647","21081778","BANK OF TANZANIA RAMP ACCT","16fTvB4EpdosyC4jTu9exLhuJ7L22iKKhN","0x6Eb9fF74Abd69e600A4Fdd565BadC12ef96a5b7b","rGmsbbh8TWhb8naVyYCGJDg3DYPS7n4R3o","46pL4G1aSidUrJDstDoohJ3Gno7Eau1CggVbNHnuvi21H2vVf7XVUui23CdCYeip3XCBv1VDX8KBXFrWqaZ7ThzNCKvFz9w","bvarma","1T62_uD2g==.6Kub@","Mozilla/5.0 (iPad; CPU OS 7_1_2 like Mac OS X; en-US) AppleWebKit/531.15.7 (KHTML, like Gecko) Version/3.0.5 Mobile/8B116 Safari/6531.15.7","vala.kalyani@rajagopalan.in","192.168.89.243","29.213.66.164","6153:9566:29c9:fc41:53dd:933d:6528:ef41","#b3caf9","18:C5:27:E7:55:DA","üò°","jhaveri.com","01bf53e2-a3a2-4d8d-900d-3b83b2b1fe6b","Bajwa, Kumar and Rampersad Inc","juhi85@sethi.in","Customer-Focused Zeroadministration Contingency","Benchmark Revolutionary Paradigms","Mathematical Science Teacher","113200","87-7814598","Associate Degree","New Orleans Baptist Theological Seminary","","",""
"en_IN","","Preshita Issac","54, Dadar, Kota - 407425","","","","","","India","in","33.829776","-116.793125","1958-10-31","female","61","134.0","Black","Green","White","B+","","0112 0928881","000-00-0000","","5452993716839590","2023-12-31","182","MasterCard","IN75848711969788569502210906","FLDUOKJD","911819555","42101271","BANK OF THE BLUEGRASS AND TRUST CO.","16gQKujomRekNWJnNLjWXxFusZvHQmDXAf","0xDBcF46dcfdcAfcB48DD25DF0B8143846073278B9","r3PPYi35xnEDcdTwg7konn6gaYWdmWuWJo","49ckEdfJSD6U8S4gQaLm6r2nzJJdo3Ba3VDaWrNFmDhN1k8FCjB5PRg6T6jHSdGt3v9K6kddzXAcggZpwT3yr1xXQWogYqd","kasturi36",":&hUfN4uz_W>;D","Mozilla/5.0 (compatible; MSIE 10.0; Windows NT 5.01; Trident/3.0)","ikrishna@hotmail.com","10.140.250.224","43.49.84.41","42cc:a051:1d21:42c7:7024:5fb3:35b9:e121","#289df5","02:4B:5A:06:B1:E9","üòä","sankar.com","3ad20634-60cd-4404-b0fa-4eebdd9da7d3","Contractor, Bajaj and Minhas PLC","naina.babu@apte.in","Decentralized Empowering Attitude","Exploit Seamless Content","Metal Fabricator","52900","76-5577351","Some College","Anne Brezina Dietetic Internship at James A. Haley Veterans Hospital","","",""
"en_IN","","Mustafa Bahl","52, Jagdish Apartments, GulabGarh Simla - 139371","","","","","","India","in","30.246424","-93.554228","1954-9-30","male","68","202.6","White","Green","Black","A+","","+91 096 7147463","000-00-0000","","4532592624030123","2024-6-30","296","Visa","IN39781040648471248294107436","YZTHEB97","2147483647","21213591","SYNCHRONY BANK","12j4tnjGgBGTN3pabWgrY5iWGwyscVmrRH","0x52aa034ed671F68d1Dc0f6cab0e51fc35968Fa75","raXFR1tJQgWcdjNEjiRcAbxqjYRCVg6B3x","49ckEdfJSD6U8S4gQaLm6r2nzJJdo3Ba3VDaWrNFmDhN1k8FCjB5PRg6T6jHSdGt3v9K6kddzXAcggZpwT3yr1xXQWogYqd","narayanan.nilam","fLv$><hQ%B","Opera/9.24 (X11; Linux x86_64; en-US) Presto/2.8.335 Version/10.00","igoyal@kapadia.com","10.221.20.109","101.223.32.22","327c:a177:55d2:48c3:ac5e:65ce:5c4d:51d8","#f0c265","8F:F7:DD:84:6C:47","üòÆ","kara.ac.in","4e5377a4-1385-40e5-aadd-d30a1c3bd78e","Murthy Group LLC","nupur.matthai@subramaniam.ac.in","Reverse-Engineered National Software","Monetize Distributed Channels","Portable Power Tool Repairer","55600","42-5558937","Bachelor's Degree","University of Pennsylvania","","",""
"en_IN","","Sharad Gill","87, Richa Apartments, Borivali Vadodara - 206040","","","","","","India","in","39.272324","-81.465484","1992-1-31","male","67","143.9","Gray","Green","White","O+","","0887 4541650","000-00-0000","","4539629771962337","2024-8-31","518","Visa","IN97463382643593495338370136","CIBYUHDC","2147483647","31918569","STONEBRIDGE BANK","1AobsXJeQhYet8ujxb3yWkuz3aoqga4cuJ","0x272CFfc9ea360Ce579C29e6d6dD882D5292B3c1a","rsNb4Z5H9ySTywzM8UWqWYQTvxvqNKeQhX","46pL4G1aSidUrJDstDoohJ3Gno7Eau1CggVbNHnuvi21H2vVf7XVUui23CdCYeip3XCBv1VDX8KBXFrWqaZ7ThzNCKvFz9w","amolika63","GN$AY.57q","Mozilla/5.0 (Windows NT 4.0) AppleWebKit/5332 (KHTML, like Gecko) Chrome/39.0.821.0 Mobile Safari/5332","shweta15@hotmail.com","192.168.158.234","148.215.120.86","dc79:5a97:9f3b:a9a1:7903:54e:7248:86aa","#f9795b","8F:48:91:60:AB:AD","üòØ","goyal.com","05c87a4a-437c-4da1-ab25-44b445291602","Deshpande, Kaur and Tak Ltd","mohan.ujwal@goswami.co.in","Total Neutral Functionalities","Repurpose 24/7 Initiatives","Maid","87600","30-2527894","Bachelor's Degree","Ashworth College","","",""
"en_IN","","Vijayent Singh Chacko","31, Mansarovar, Rajkot - 380129","","","","","","India","in","40.167963","-104.624596","1995-4-30","male","72","178.2","Black","Brown","Black","A+","","+91 49 48511772","000-00-0000","","5456121253164661","2024-8-31","733","MasterCard","IN26402331929938600012418875","ZQUISLL8","151142663","21084720","CENTRAL BANK OF LIBERIA DEBT SVC ACC","1HtAExKcPityid4mVPW8JyMR1w2XuRtJMy","0xA7856f07c69BADe44BE43D4B50d4648AdC85a5A7","rEipidzX6rvgsjzfE8x5CNnAKJoMqe1Nt9","49ckEdfJSD6U8S4gQaLm6r2nzJJdo3Ba3VDaWrNFmDhN1k8FCjB5PRg6T6jHSdGt3v9K6kddzXAcggZpwT3yr1xXQWogYqd","xedwin",";7_}U"0To#pE\s","Mozilla/5.0 (Windows NT 5.2) AppleWebKit/5361 (KHTML, like Gecko) Chrome/39.0.877.0 Mobile Safari/5361","gdesai@persaud.org","192.168.124.81","165.96.67.35","f4ae:38a5:1818:4061:6995:76e7:a49c:f8dc","#f77bbe","1C:19:9A:25:96:BC","üò∂","thakkar.com","9b90a601-0931-4a1f-863e-713cc6bcab21","Nadkarni-Ahluwalia Group","zmurty@dalal.com","Programmable Neutral Matrix","Monetize Impactful Supply-Chains","Archivist","95400","76-6680803","Associate Degree","Tricoci University of Beauty Culture, LLC","","",""
"en_US","","Tommie Nicolas","1928 Rippin Viaduct","","New York","NY","Clinton","13323","United States","us","34.522018","-96.752426","1996-3-31","male","71","158.2","Gray","Brown","Hispanic","O+","","+1 (448) 483-9723","000-00-0000","","5510648676950569","2024-4-30","413","Visa","US90784881621642477849991700","FJUJHDXR","2147483647","21082832","ARGENTINA USD PAR SER L/FOREIGN DEPT","15KhpUbwXgQcN2BiZCSqUq55pquAU1sTCL","0x153dA449FD9Fee3C92707B11C9895410c91A6135","rwerSfj5MVu94ehFXkcY9XpX8pXN6wjsy1","49ckEdfJSD6U8S4gQaLm6r2nzJJdo3Ba3VDaWrNFmDhN1k8FCjB5PRg6T6jHSdGt3v9K6kddzXAcggZpwT3yr1xXQWogYqd","jefferey76","W:[.?v*VhO$e","Mozilla/5.0 (compatible; MSIE 11.0; Windows 98; Win 9x 4.90; Trident/5.1)","pascale.stracke@blanda.org","192.168.154.87","174.32.2.106","3f1d:bbb1:6874:6a27:edd0:ca2f:eddf:abc","#09a69e","89:6C:88:AD:2F:DB","üò©","greenholt.com","9d379ebd-b464-4bef-8dae-700273ffcab4","Bernhard, Rowe and Kulas Ltd","kaci50@wintheiser.com","Future-Proofed Heuristic Architecture","Embrace Seamless Functionalities","Maintenance Supervisor","70800","77-8601545","Bachelor's Degree","SUNY at Buffalo","","",""
"en_IN","","Balaji Subramaniam","98, Mustafa Apartments, Borivali Bhubhaneshwar - 254799","","","","","","India","in","44.140310","-78.628814","1998-8-31","male","74","201.0","Blond","Brown","White","A+","","0277 7201898","000-00-0000","","4556323384230096","2023-8-31","593","Visa","IN49080074135200582205265730","MHDSXBFJAMB","2147483647","91216007","FIRST FARMERS AND MERCHANTS NATL BK","18yW96Xtc8MMA4BGzNa5KGMQR7o6uuTch5","0xdB74Ea4B44E41Cd20D4f8D501fC7371dF2D35Cc9","r4c5RbAZfuSQsBD7sy2MDcEECZSmP8fGDp","46pL4G1aSidUrJDstDoohJ3Gno7Eau1CggVbNHnuvi21H2vVf7XVUui23CdCYeip3XCBv1VDX8KBXFrWqaZ7ThzNCKvFz9w","tsane","X/b.`@","Mozilla/5.0 (Windows NT 6.0) AppleWebKit/5321 (KHTML, like Gecko) Chrome/36.0.809.0 Mobile Safari/5321","bhairavi.comar@dave.com","10.36.118.97","118.45.122.26","d948:1ddc:bbef:5a4c:1315:d39a:217b:d5b0","#12a268","10:27:94:75:EB:1D","üòµ","sibal.in","048eeee4-533f-484b-ab9e-b87dd8f4efe5","Arora-Nair Group","mayawati83@din.org","User-Friendly Transitional Solution","Scale Ubiquitous Bandwidth","Teacher Assistant","76400","52-6991027","High school diploma or GED","Roseman University of Health Sciences","","",""
"en_IN","","Baber Hari","25, HiraPur, Mysore - 230767","","","","","","India","in","32.590051","-94.093608","1981-12-31","male","72","176.1","Black","Blue","Asian","O-","","001 83603685","000-00-0000","","4205311844992590","2025-6-30","553","MasterCard","IN88761741594781106092971463","NSBFBY4QBCQ","2147483647","11303097","NORTHERN BANK AND TRUST CO","12LttLv3R36Mxor1e2tDoeH7MqLXCyTwTL","0x49Fef30d0222dA20713a17039752c742aD2C9C21","rKK7MaDiCsDyDeztg5yXkQvqMtDV7PiKUx","45xJLKCwtzuVo1vy1f3WVfUANMrxqXvsQ19vFPUVev5TbpjnqGQ64B2ji9Ffh7K1zxcC7DXE1csTcZbefptNbq11DmTGctP","bajaj.kajol","z)j*>LDO`E","Opera/9.78 (X11; Linux x86_64; sl-SI) Presto/2.8.329 Version/11.00","nilam96@yahoo.co.in","10.105.215.126","126.164.26.90","d959:ee36:94b1:ddea:db17:50:aa2b:46a","#90d8e4","DE:30:46:69:3A:6D","üòî","krishnamurthy.com","0084f1d9-e4b3-46f7-a91b-c744485f9c85","Karan Group Ltd","moti49@bora.org","Cross-Platform Leadingedge Hardware","Synthesize Efficient Technologies","Social Science Research Assistant","97300","95-2743050","High school diploma or GED","Edinboro University of Pennsylvania","","",""
"en_IN","","Biren Lal Manda","52, Upasana Heights, Kharadi Vadodara - 227589","","","","","","India","in","31.126688","-111.517289","1962-6-30","male","70","148.8","White","Green","Black","O+","","0976 5643855","000-00-0000","","4485355431401458","2023-3-31","126","American Express","IN29801635392098003150563278","OJMBVMCW","168187253","21114483","BANKWELL BANK","1NbS4xisUAXWjsb2oRpLQ8SwGtSP97g5uE","0x38B1e27b32516F7278D979Cbd34764208098E7Cb","rJYz3vE9Bq5xvYpMYrHGfmVd5XQvTdLaXY","49ckEdfJSD6U8S4gQaLm6r2nzJJdo3Ba3VDaWrNFmDhN1k8FCjB5PRg6T6jHSdGt3v9K6kddzXAcggZpwT3yr1xXQWogYqd","olalla","^f{;O:`Rd=r}])v+yAm","Mozilla/5.0 (iPad; CPU OS 8_2_1 like Mac OS X; en-US) AppleWebKit/531.44.2 (KHTML, like Gecko) Version/3.0.5 Mobile/8B114 Safari/6531.44.2","uma.ghosh@mall.in","192.168.236.76","188.21.140.254","60e7:8cb7:76b4:b8f8:ca67:568b:72f1:e3c7","#4b8566","02:46:25:23:7B:CE","üò≥","nadkarni.com","86e722a9-eab4-47d2-aefe-4106628dce91","Soni, Dhillon and Thaman Group","ebhardwaj@agarwal.com","User-Centric Upward-Trending Complexity","Monetize Intuitive Partnerships","Production Manager","50200","46-2819358","Associate Degree","Tennessee State University","","",""
"en_IN","","Mohit Kumar Dayal","46, Bagwati Villas, Suraj Nagar Udaipur - 399390","","","","","","India","in","37.444077","-119.245227","1958-1-31","male","70","150.3","Blond","Brown","Asian","A+","","+91 752 1641979","000-00-0000","","4296625101642204","2023-12-31","602","MasterCard","IN94573305792055668163782545","TMULYKFALCC","2147483647","92903270","FIRST STATE BANK","1KHPzYLbWiGvCPhzDYc8aCEwYP5JRiwtWs","0x19c9f70684Cdafcf204ACEC380856a079a5f71aE","rDLGVqnQeCSFzQoLnwryMs5Ys37UG49XBn","45xJLKCwtzuVo1vy1f3WVfUANMrxqXvsQ19vFPUVev5TbpjnqGQ64B2ji9Ffh7K1zxcC7DXE1csTcZbefptNbq11DmTGctP","swati.brahmbhatt","dj/K!S><d_","Opera/9.47 (Windows NT 6.2; en-US) Presto/2.10.171 Version/12.00","feroz57@panchal.com","192.168.3.181","139.215.55.230","8a4b:bf1a:bea0:44d9:36d7:dd51:a6ec:1e9e","#a92af0","7F:4C:73:B1:42:8A","üò≠","chaudhary.in","0118df9f-47f6-4850-a1fa-a630331624bc","Kumar-Kalla Group","charandeep.muni@bhandari.co.in","Robust Assymetric Collaboration","Harness One-To-One Portals","Multi-Media Artist","77600","04-7889050","Some College","Roseman University of Health Sciences","","",""
"en_IN","","Satish Sampath","31, Wafiq Heights, Parminder Nagar Panaji - 377829","","","","","","India","in","40.822205","-119.249396","2000-6-30","male","73","197.4","White","Brown","Black","A+","","0061 5864766","000-00-0000","","4682964709076230","2024-12-31","902","MasterCard","IN48082009849916239599592816","VRPNPZDE","700845050","21033519","FINANCING CORP. P & I ACCOUNT","18hipnApJ9G3hzxE54uAjYBtc736HfZmyk","0xE3159b610B97d0D78580227B7A8BC7db487737aC","rJhqYH9rkXDPVfu6BjH8a9wgafcUYP2Xhi","49t5hDr3JTGMaNCdAA3pt2j86PFqMwsFgX8iqaUco2z9GJNoRVU5o32cHqPxF5rTfdiQi1tDCQqahKg73tiibnkB4DYrCPw","mraman",">t\.@H%v~Z-Qp=y8","Mozilla/5.0 (X11; Linux x86_64; rv:6.0) Gecko/20191124 Firefox/37.0","madhu.majumdar@ganesh.co.in","10.231.238.178","107.234.117.93","1287:9f3b:7b8b:d3a4:f52f:d6bc:8497:13b0","#314d9c","34:F4:BF:C5:61:9E","üòû","thomas.com","285b7cf9-69b2-4f7e-85cb-679109c4c4b2","Varkey-Parikh PLC","chhabra.abhishek@rai.com","Diverse Incremental Hardware","Strategize Robust Relationships","School Social Worker","54600","21-4333601","High school diploma or GED","Adams State University","","",""
"en_IN","","Ishat Bhattacharyya","35, Kim Chowk, Delhi - 348702","","","","","","India","in","31.065034","-87.706178","1968-10-31","male","65","138.5","Gray","Green","Black","A+","","+91 823 6134928","000-00-0000","","5208688414269549","2024-1-31","445","Discover Card","IN30420955408073105520104783","BIZBCP0VXR3","2147483647","11701288","NORTHWAY BANK","13j1bwCcE9vXDgHVNG2ApDjPRbwkkscWo4","0x73fbcbb709B7BE1368fC9953e5A396e9627Fc06C","rKfDRLz2f4nsuMaLS6L13BSKzC33WcDEH3","43dZwFeMMyq1LhFnUZhypRfuLHuY9hPnb8GFpjJ25zyk1zY2GcHSkiPCpnA84WHTiAXS9x1kGVCRBEqFHcUwiaMLMVpTe3B","grewal.wafa",";==+[n","Opera/9.69 (Windows NT 4.0; sl-SI) Presto/2.11.351 Version/12.00","namita06@yahoo.com","192.168.195.31","249.194.134.242","cc33:9b8a:9cec:c9d6:e71e:bc54:740b:19d7","#1757f6","C1:AB:E2:9C:02:2A","üòö","ramachandran.net","774f19ab-77d5-4bf9-9df1-a7ba4dcc78b6","Chaudhuri-Pandey Inc","deep.chowdhury@kamdar.com","Reactive Client-Server Customerloyalty","Implement Extensible Convergence","Landscaper","115200","46-1337644","Bachelor's Degree","Genesis University","","",""
"en_IN","","Marlo Dev Johal","63, MohanPur, Jaipur - 249262","","","","","","India","in","39.247967","-118.778131","1975-12-31","male","68","169.5","Blond","Brown","Pacific Islander","O+","","023 57693352","000-00-0000","","4532816747140257","2025-4-30","775","Visa","IN94811976698494680339861826","PQLXKMJ2","640298608","82901033","INTEGRITY FIRST BANK, N.A.","1Bjp8wWKJ9QFaMUdJpZN8NHv8khMgSp3V5","0x1fF5Eb15181d841A1a3726CeD2158fda8265f7d4","rUqNNE5mykHbRGMvQaa8eknurSGjfAqSDS","49ckEdfJSD6U8S4gQaLm6r2nzJJdo3Ba3VDaWrNFmDhN1k8FCjB5PRg6T6jHSdGt3v9K6kddzXAcggZpwT3yr1xXQWogYqd","sunita45",""q|WbK9d%8ZUV-\a","Mozilla/5.0 (Windows NT 6.2; en-US; rv:1.9.2.20) Gecko/20120323 Firefox/35.0","patel.sukriti@rau.net","192.168.143.86","217.171.255.40","376f:33ab:d125:8b79:3879:4e34:dd33:727f","#e2a046","52:B9:87:36:08:4F","üòß","shankar.com","2940f5c1-2ed8-4b9f-a4de-bef14d65e6cf","Agarwal Ltd LLC","harpreet27@bala.net","Integrated Static Synergy","Reinvent Compelling E-Business","Postal Service Mail Carrier","111600","10-6079819","Bachelor's Degree","Lincoln Technical Institute","","",""
"en_IN","","Labeen Bhargava","54, KiranPur, Bhubhaneshwar - 111089","","","","","","India","in","29.476615","-106.651370","1975-9-30","male","70","165.4","Black","Green","White","B+","","+91 659 0365300","000-00-0000","","5439073104100547","2025-5-31","685","Visa","IN07263702382085764356713796","BJQTOUUS","2147483647","51404464","THE FIRST BANK AND TRUST COMPANY","113WEVvJaFzfGfvL9BrQj76om43x9SvUha","0xd1C6e8ba7C34f2eADe4BE986e84652eAD6F7ce1d","r39J6RRPZhmoPWuexUteceZnY7FWooihnS","46pL4G1aSidUrJDstDoohJ3Gno7Eau1CggVbNHnuvi21H2vVf7XVUui23CdCYeip3XCBv1VDX8KBXFrWqaZ7ThzNCKvFz9w","mlanka","r]kh3$8SG","Opera/9.97 (X11; Linux x86_64; en-US) Presto/2.11.219 Version/12.00","mani.anand@vyas.com","192.168.240.154","94.201.9.206","4ade:bf7d:2f21:ce78:cc20:852f:3a95:c1eb","#003a9c","B3:08:48:43:F0:9C","üòó","savant.com","07411cde-3665-4608-baca-5fa5dd747763","Beharry PLC Inc","cbedi@natarajan.com","Up-Sized Bifurcated Ability","Drive Dynamic Infomediaries","Professional Photographer","108500","45-4146862","Some College","Pima Community College","","",""
"en_IN","","Tarun Mallick","33, Kamlesh Society, Churchgate Noida - 242778","","","","","","India","in","42.773587","-110.314950","1984-8-31","male","72","214.3","Gray","Brown","Asian","B+","","+91 053 1162402","000-00-0000","","2221307696750841","2024-7-31","907","American Express","IN63237443254295971127258501","SZUXYOH75XE","2147483647","84201786","BANKFIRST FINANCIAL SERVICES","1FhQtNxHBd1E7yrf9EUpzEC5mCs7TNntzj","0x9dcfa2A0fa91a4803cb758a693166f92fa464bf1","rfYbhcckydDDw751Y83YrMMuuvvY5uW7wk","46pL4G1aSidUrJDstDoohJ3Gno7Eau1CggVbNHnuvi21H2vVf7XVUui23CdCYeip3XCBv1VDX8KBXFrWqaZ7ThzNCKvFz9w","nutan.golla","PBEZ1.&:>l<mVu_,L0","Mozilla/5.0 (Windows; U; Windows NT 5.1) AppleWebKit/531.36.3 (KHTML, like Gecko) Version/4.1 Safari/531.36.3","murthy.amrita@agate.in","10.164.239.56","64.198.147.33","8da9:358b:c966:9d63:8131:5af0:1d79:88b2","#44eea4","53:7B:14:5A:BB:D8","üò¶","bora.com","60118aa5-13a8-4444-a560-e9592223bf2e","Guha-Tara Group","rosey44@persad.com","Advanced 6Thgeneration Matrices","Deploy One-To-One Partnerships","Textile Machine Operator","87700","86-4689913","Bachelor's Degree","Louisiana College","","",""
"en_IN","","Nupoor Mangat","44, Ramesh Society, Malad Kota - 312195","","","","","","India","in","34.245630","-74.568865","1949-10-31","female","62","140.4","Red","Green","Hispanic","O+","","+91 82 23189449","000-00-0000","","2656678291081731","2023-12-31","980","MasterCard","IN37329154614031274647519650","FENQOTCD","2147483647","21080258","ADB ACCT N/FOREIGN DEPARTMENT","1HTTBphB5EUrmDyrgzBH6y4wGY2RaCrXMM","0xc2E943133FFb2B2C37Caed052bD24FE512a6fc54","r3mkTJJgg3vBauMzEANLz9DcHU8WnmhvEm","49ckEdfJSD6U8S4gQaLm6r2nzJJdo3Ba3VDaWrNFmDhN1k8FCjB5PRg6T6jHSdGt3v9K6kddzXAcggZpwT3yr1xXQWogYqd","ipandit","~`3!9"[SsB?D9}\-c","Mozilla/5.0 (Windows NT 6.2) AppleWebKit/5331 (KHTML, like Gecko) Chrome/36.0.805.0 Mobile Safari/5331","kothari.urmi@yahoo.com","192.168.142.8","7.18.157.122","2dc:83fe:1ccd:f921:10c3:512c:b219:2c38","#91f75f","F9:64:12:2D:F4:68","üòõ","ramkissoon.in","85050c80-21f5-443c-9a8a-810afee1548b","Kanda-Nadkarni Inc","urvashi.palla@nadig.com","Phased Tangible Knowledgebase","Maximize Real-Time Networks","Veterinarian","101200","04-5817270","Bachelor's Degree","Texas Christian University","","",""
"en_IN","","Vineeta Goel","28, ChandniPur, Trichy - 339716","","","","","","India","in","47.833415","-107.503846","1985-12-31","female","64","115.4","Red","Green","Asian","A+","","057 27170023","000-00-0000","","4485220548969","2023-12-31","618","MasterCard","IN77190730576769045337971276","NSECGCZUEPP","196554188","102101645","US BANK, NA","1ETC4ZBkyjRL5FNiHUt3opQ8b1UHBa72R4","0x956EC05Cd39aA11Bc869d44d555DA400F26F496c","rJVReWB2xbZsZu6jHXi5aQAN9ShFGL5Pkb","49ckEdfJSD6U8S4gQaLm6r2nzJJdo3Ba3VDaWrNFmDhN1k8FCjB5PRg6T6jHSdGt3v9K6kddzXAcggZpwT3yr1xXQWogYqd","pandey.kamini","7)>wHl%[mL","Mozilla/5.0 (compatible; MSIE 7.0; Windows NT 4.0; Trident/4.0)","sundaram.farah@sule.com","10.94.63.54","224.127.144.193","9be8:e3e4:825b:6dcf:1f35:cca1:f05e:5355","#f98ca0","A6:08:BD:29:87:7A","üòÑ","jain.in","821984ab-1940-41e1-9828-8b5de7029e02","Kara, Ramnarine and Raja and Sons","mody.prabha@oza.com","Enterprise-Wide Human-Resource Alliance","Implement Innovative Architectures","Educational Counselor OR Vocationall Counselor","105700","60-5260078","High school diploma or GED","Virginia Commonwealth University","","",""
"en_IN","","Savita Virat Pai","94, Harmada, Dehra Dun - 280857","","","","","","India","in","29.938460","-94.244812","1990-5-31","female","62","158.9","Black","Brown","White","O-","","+91 38 30391479","000-00-0000","","4294443004457","2024-6-30","399","MasterCard","IN50917813147357836441870474","FGAORQHS","2147483647","21085596","SOUTH AFRICA/FOREIGN DEPARTMENT","1CtXqirWvLLKZ8upLW15CX6GrwxEoytM7D","0xd51A36bEcf261fD3E0340a1Ce73cb5A484243F5E","rHgWQUS8FyFnZcZN6P56Zz7gXiyQT1cAsM","49ckEdfJSD6U8S4gQaLm6r2nzJJdo3Ba3VDaWrNFmDhN1k8FCjB5PRg6T6jHSdGt3v9K6kddzXAcggZpwT3yr1xXQWogYqd","nawab.mohanty","wt5cZ-"`WoLDRI","Mozilla/5.0 (Macintosh; U; Intel Mac OS X 10_6_2 rv:5.0) Gecko/20160305 Firefox/35.0","pal.krishna@hotmail.com","10.20.1.242","254.220.101.124","b8de:aac4:e37:d0a2:9ced:dc5:372a:a17b","#9aaad7","22:E3:AA:0D:2D:14","üò≤","johal.com","ae959883-36d6-44b9-b8b0-470bb9634562","Narayan-Bhargava LLC","qmehrotra@rampersaud.com","Customizable Full-Range Function","Generate Cross-Platform Markets","Public Relations Specialist","109200","81-4136039","Master's Degree","San Francisco School of Digital Filmmaking","","",""
"en_IN","","Jagdish Kabra","47, Goregaon, Gandhinagar - 208197","","","","","","India","in","35.500824","-73.117517","1990-3-31","male","68","144.8","Blond","Blue","Pacific Islander","O-","","+91 32 02956741","000-00-0000","","2675052440122514","2024-2-29","824","Visa","IN95415652054786938267570647","ZIPNCZNP0NZ","2147483647","21054695","DISTRIBUTION ACCT-TENNESSEE VAL AUTH","1ErUyW6yhMkqDkhJFF6Avc9jAPS9jjeuDJ","0xfE57b9cFE4E70Fbd0e23a99C905F52BD8d7E10F8","rL3m3wWhrnoYMWz5uafRaVrETQSADf6xDb","49ckEdfJSD6U8S4gQaLm6r2nzJJdo3Ba3VDaWrNFmDhN1k8FCjB5PRg6T6jHSdGt3v9K6kddzXAcggZpwT3yr1xXQWogYqd","amrita.ahuja","eIXqxLn$_x)","Mozilla/5.0 (Macintosh; U; PPC Mac OS X 10_5_1 rv:6.0) Gecko/20160511 Firefox/36.0","ulall@yahoo.co.in","192.168.208.156","130.0.186.207","eb57:e3c0:7f70:9e88:ed0b:dfd5:5d3:a190","#3d179c","FF:25:A3:4B:FE:08","üòà","kaul.com","b1cae4ab-25cf-4e27-b7ed-24008c8631f7","Peri Inc Inc","aadish45@lodi.com","Cloned Mobile Frame","Deploy Wireless Action-Items","Public Health Social Worker","72500","36-5095911","Associate Degree","University of Nebraska at Omaha","","",""
"en_IN","","Akhila Jawahar Bala","15, Chinchwad, Chennai - 263057","","","","","","India","in","26.585976","-76.838250","1941-5-31","female","68","137.4","White","Blue","Asian","O+","","0214 6056822","000-00-0000","","2358185396387121","2023-9-30","372","Visa","IN80856986473324602259800462","YNHRNX6VRK7","2147483647","21087219","NAT'L BANK OF KAZAKHSTAN/FOREIGN","1FoiFkTzgmW6WSCzSJ3n9cohWtqH2RYHbJ","0x68CBbCE69B00EBa219c2AC22aBA019aC559BAAB3","ra6NNK4swexhK5Fmxftf6QMta4vexkfXKN","49ckEdfJSD6U8S4gQaLm6r2nzJJdo3Ba3VDaWrNFmDhN1k8FCjB5PRg6T6jHSdGt3v9K6kddzXAcggZpwT3yr1xXQWogYqd","aruna.doshi","Z\8'PUD","Opera/8.75 (X11; Linux i686; sl-SI) Presto/2.10.279 Version/11.00","xwalia@agate.com","192.168.88.101","105.42.35.108","bb7c:1b6b:8fd0:ea86:3e47:3928:2058:c47d","#cc6e30","74:21:9E:F3:3E:2C","üòã","pathak.ac.in","c2ab11cf-849e-4b63-98f5-912bf3f7b9fe","Badal-Karnik LLC","chanda.kajal@sanghvi.org","User-Friendly Homogeneous Implementation","Integrate Robust Interfaces","Boiler Operator","54600","47-4552625","High school diploma or GED","Barton County Community College","","",""
"en_IN","","Nitin Singh Bhatti","87, Kushal Society, ChhayaPur Kolkata - 557061","","","","","","India","in","43.729245","-80.491236","1977-2-28","male","72","176.3","Black","Brown","Asian","O+","","+91 63 28569518","000-00-0000","","2458307060462043","2024-12-31","281","MasterCard","IN95854927017771466792068291","DKVYGFXWEQ7","2147483647","71000288","BMO HARRIS BANK NA","1MM5W6ci6rMxNquWGDVCXNcn4VQSSVy4Sw","0x7208B775532Ef72AEB56f5E2eF2866d0AAEa67D5","rEyAseGVkmwUDq3Bb6PEVtCj4KJFTVWfeM","46pL4G1aSidUrJDstDoohJ3Gno7Eau1CggVbNHnuvi21H2vVf7XVUui23CdCYeip3XCBv1VDX8KBXFrWqaZ7ThzNCKvFz9w","heena94","4{l@A~H`U_t[&0}N","Mozilla/5.0 (compatible; MSIE 9.0; Windows NT 6.1; Trident/4.0)","zachariah.tanay@prabhu.com","192.168.170.237","126.95.187.127","2497:9b20:4c03:ab55:4995:8507:1335:1265","#7d044f","90:92:14:74:6B:85","üòØ","comar.co.in","ce3086ac-d2df-4d78-bd05-68f1ebba79dd","Dhar, Hora and Khalsa Group","umeka@shukla.com","Secured 24Hour Strategy","Drive Customized Portals","Scientific Photographer","94600","01-8297948","Some College","Alaska Christian College","","",""
"en_IN","","Yadu Chandra Shetty","80, Gulab Apartments, Cyber City Pondicherry - 155106","","","","","","India","in","47.493277","-120.213200","1941-9-30","male","71","164.6","White","Brown","Pacific Islander","A+","","+91 618 6434182","000-00-0000","","4024007197455149","2025-7-31","787","Discover Card","IN48858090512596178308783843","FKYBNTK69MH","2147483647","114000093","FROST BANK","1HA6XFJPANh6xfeBGqtojtGgXFzyg6v2mo","0x5133fAd82Ee42FC249E737884C382981cd3A5c19","rQrpDS1LU2ayYnBKh2LrvWnQc3A8YLdwr4","49ckEdfJSD6U8S4gQaLm6r2nzJJdo3Ba3VDaWrNFmDhN1k8FCjB5PRg6T6jHSdGt3v9K6kddzXAcggZpwT3yr1xXQWogYqd","azhar93","o0{d{f+^n|K2CTKhgekD","Mozilla/5.0 (compatible; MSIE 5.0; Windows NT 6.1; Trident/3.1)","yrampersad@kuruvilla.com","10.187.187.225","218.65.122.176","9f38:dc1b:d652:a697:3965:cd05:ad37:361f","#c96bbe","A9:87:02:B7:0C:75","üòò","borah.in","d0c48af7-5188-4be3-80e4-0f71af32e1fe","Sodhi PLC Ltd","padmini28@sagar.com","Balanced Composite Projection","Evolve Web-Enabled Relationships","Health Technologist","68900","46-7008618","Doctorate","Valparaiso University","","",""
"en_IN","","Juhi Usman","24, MohanPur, Panaji - 379543","","","","","","India","in","37.512298","-118.049895","1997-9-30","female","66","109.3","Red","Blue","Pacific Islander","O+","","+91 23 59736114","000-00-0000","","4485897075389549","2024-4-30","503","Visa Retired","IN11556579828153411171298959","LEITDPZM","2147483647","31207898","LIBERTY BELL BANK","18MxttHBFjqhVZ5KbCs4TZWdcBtDxFpUVh","0xad9EAb5Da5a929a07D5b6DbE9503978BA1ff1bD3","r4Hcq8XQnPeRxnHB7zUNwwe2KonQaXNY9x","49t5hDr3JTGMaNCdAA3pt2j86PFqMwsFgX8iqaUco2z9GJNoRVU5o32cHqPxF5rTfdiQi1tDCQqahKg73tiibnkB4DYrCPw","anees.dash","b<gHELhoYdac7>+","Mozilla/5.0 (Windows NT 4.0) AppleWebKit/5321 (KHTML, like Gecko) Chrome/38.0.841.0 Mobile Safari/5321","mehrotra.shashank@yahoo.co.in","10.15.12.206","34.33.101.222","3ad4:b9a9:4f5:aa63:ebcd:6a05:5cec:2b00","#2b4d32","BE:DD:1A:D9:E8:04","üòú","kar.com","d1f08bdc-1bdb-4291-8d99-25ec42ca5733","Balasubramanian-Sama and Sons","xdara@deshpande.com","Reverse-Engineered Discrete Definition","Innovate Front-End Vortals","Tractor-Trailer Truck Driver","97100","01-6039634","High school diploma or GED","Venus Beauty Academy","","",""
"en_IN","","Chinmay Kannan","17, Aastha Chowk, Delhi - 517364","","","","","","India","in","36.167735","-81.898996","1950-1-31","male","70","145.2","Black","Green","Black","A-","","+91 83 09379271","000-00-0000","","4532463287470453","2025-1-31","528","MasterCard","IN61284774023286039737224226","HQWIRS29","2147483647","122215090","BANC OF CALIFORNIA, NA","1PL8dG6ZCrM9YoNzMXjNsmfaM9dJcS5mB7","0x946c417f74e3D900134dae1138Cb7E1c9B80eEf9","rHeg98EZX2pUF89FdBxNQvojTFRwHMbxN8","43dZwFeMMyq1LhFnUZhypRfuLHuY9hPnb8GFpjJ25zyk1zY2GcHSkiPCpnA84WHTiAXS9x1kGVCRBEqFHcUwiaMLMVpTe3B","nath.aruna","XXS(5E\Ftopd@p*M`","Mozilla/5.0 (X11; Linux x86_64; rv:6.0) Gecko/20130809 Firefox/36.0","jkota@hotmail.com","192.168.249.141","1.44.240.227","8c0:f306:d326:5eca:8699:cc25:4806:821","#66528b","20:18:A4:D7:2C:31","üò≠","upadhyay.ac.in","e54138f6-4b96-4a93-b839-72027dc01624","Date and Sons Inc","teena.lala@srinivasan.ac.in","Persevering Leadingedge Time-Frame","Transform Visionary Portals","Hand Trimmer","114100","58-8300149","Associate Degree","Ball State University","","",""
"en_IN","","Aditya Ray","64, Binita Heights, Kharadi Kanpur - 340762","","","","","","India","in","36.544200","-102.151295","1990-3-31","male","74","145.2","Brown","Blue","Asian","O+","","082 43111406","000-00-0000","","4929421567204761","2025-7-31","129","Visa","IN70017753315458986926001641","VGZBUAFR","572675136","113123667","HUNTINGTON STATE BANK","1N4ZCcDPcC8knT7qeFnEWcdEiSpqm2U4Ti","0xDcbE0bF521CBC314b03D6c8247fE2e9b2401a389","rG8u8DMMgFobnXcMW89hviQnyNj4zDmVeP","49t5hDr3JTGMaNCdAA3pt2j86PFqMwsFgX8iqaUco2z9GJNoRVU5o32cHqPxF5rTfdiQi1tDCQqahKg73tiibnkB4DYrCPw","adutt","ouPS6]FPz\x4","Mozilla/5.0 (compatible; MSIE 10.0; Windows NT 6.0; Trident/3.1)","srinivas.urvashi@zachariah.com","192.168.47.84","145.94.36.40","f7c6:dcdf:ecad:24e5:bbbd:435c:9e8c:34fa","#f52c5b","C1:95:01:26:B8:5B","üòú","chaudhary.ac.in","e2945065-fac2-4e1d-8475-ae3f21283562","Gera, Tripathi and Bir and Sons","babu.gajendra@ghosh.com","Reverse-Engineered Encompassing Complexity","Engineer Intuitive Convergence","Diamond Worker","86800","30-8348007","Some College","Vatterott College - Quincy","","",""
"en_IN","","Gulab Wali","73, Qabool Apartments, Sai Nagar Hisar - 137030","","","","","","India","in","31.056031","-78.902216","1937-6-30","female","63","116.7","Gray","Blue","Asian","O+","","+91 90 38707529","000-00-0000","","4539072788963438","2024-10-31","506","Visa","IN32285135939101118768530479","BHGBLBGGDQP","2147483647","31913438","UNIVEST BANK & TRUST CO","1K4QEfKCAy73mBFsy9qEznwy9QT2ufZTzt","0xBFa31077379dF70205ef119842B0644d67c80Ce8","rGsjEfb6Ftcpf3xAqAt2aiyZRzQXZdnocy","43dZwFeMMyq1LhFnUZhypRfuLHuY9hPnb8GFpjJ25zyk1zY2GcHSkiPCpnA84WHTiAXS9x1kGVCRBEqFHcUwiaMLMVpTe3B","lala.gunjan","1ZVISSVx=*fZYr","Opera/8.49 (Windows NT 6.2; sl-SI) Presto/2.10.332 Version/11.00","sabina.mistry@kuruvilla.com","192.168.102.253","222.236.25.254","b999:afb0:538e:acdd:f3b9:8723:2dbd:fc0f","#6b1f62","5B:41:F8:E8:44:D9","üò≥","nagar.org","f404ce63-e2bf-4885-b293-0eb682134b7b","Uppal, Wason and Gola PLC","dnarayan@kant.com","Switchable Tertiary Superstructure","Integrate E-Business Solutions","Heavy Equipment Mechanic","94200","10-5631547","Some College","University of Michigan - Flint","","",""
"en_IN","","Labeen Hora","99, Farah Nagar, Pondicherry - 277368","","","","","","India","in","33.181796","-76.285078","1979-7-31","male","68","172.1","Brown","Green","Asian","B+","","010 95690265","000-00-0000","","5585251995040541","2026-1-31","689","Visa Retired","IN94749366516406351881373095","TVEYZDBT","700368517","71926155","CORNERSTONE NATIONAL BK & TR CO.","144mQGhhKh6wnU9QLMisdghyqyVHuEzDqF","0xC699D31178a5B9dDE47181eC4f7CB76D422052eE","rPiCntDD4npKLqM8vijTU1sEKfte5t7mgF","45xJLKCwtzuVo1vy1f3WVfUANMrxqXvsQ19vFPUVev5TbpjnqGQ64B2ji9Ffh7K1zxcC7DXE1csTcZbefptNbq11DmTGctP","zpradhan",""L*my"p^]wHW","Mozilla/5.0 (compatible; MSIE 8.0; Windows 98; Win 9x 4.90; Trident/4.1)","saxena.akshay@mehta.com","10.11.49.202","241.46.216.254","58c:5dcb:d475:5355:22b6:c0c0:b6ec:474d","#47bca3","F0:9E:7D:A3:E5:2F","üòè","purohit.com","f9934fbf-9b3a-4c0f-9a13-6d5d6e038617","Choudhury-Chand PLC","siyer@thakur.in","Organic Systematic Hierarchy","Visualize 24/7 Partnerships","Obstetrician","77300","34-4001540","Bachelor's Degree","SUM Bible College & Theological Seminary","","",""
"en_IN","","Diya Murthy","61, Balaji Chowk, Guwahati - 259886","","","","","","India","in","25.302332","-79.999729","1959-5-31","female","64","139.8","Brown","Blue","White","O+","","+91 651 7217150","000-00-0000","","4532173908633385","2025-7-31","665","MasterCard","IN63930032669584107399670691","OPUQRJQX","8089403","291074544","CONNEXUS CREDIT UNION","1HhE63GCwwsVh3oC8feKonHRMo6q1pdcxH","0x60187b816cA175E152C23eCBd7c0392C58b52EA8","rweXZXi745iGm8cfQuVSGGpfdSiV1Ymi27","46pL4G1aSidUrJDstDoohJ3Gno7Eau1CggVbNHnuvi21H2vVf7XVUui23CdCYeip3XCBv1VDX8KBXFrWqaZ7ThzNCKvFz9w","narayan.vohra","'nDfI$aCE","Mozilla/5.0 (Macintosh; Intel Mac OS X 10_5_4 rv:4.0; sl-SI) AppleWebKit/532.3.7 (KHTML, like Gecko) Version/5.0 Safari/532.3.7","yramesh@yahoo.co.in","192.168.161.213","95.65.61.60","ccd:dc52:5c5b:718e:b8ac:c6c9:ae9f:c3cb","#4a6710","71:A3:C0:33:79:62","üò•","cheema.in","fc8236f5-8b47-42fa-a0fd-647ff6daf7b1","Suri PLC LLC","halder.leela@persaud.com","Organic Intangible Core","Matrix Collaborative E-Business","Surveyor","114800","75-1344159","Some College","Concordia University Wisconsin","","",""
"en_IN","","Aruna Bandi","75, Rachel Society, Andheri Darjeeling - 203700","","","","","","India","in","41.537460","-101.821755","1992-12-31","female","61","123.8","Gray","Green","Pacific Islander","O+","","094 31312056","000-00-0000","","4539444333687053","2024-5-31","997","Visa","IN56957232996858864704673739","ZPHLTXURL61","832758746","26010605","STERLING NATIONAL BANK","14HCSs6BR19eEfZeQjqnRf9ZTqGEgRwmNP","0x856C19dE8f2600Ed51CA928b6d2dd33C1d19551E","rDXnibq7XR4UUhowfnkAzTc6KJtyTPq3TK","49t5hDr3JTGMaNCdAA3pt2j86PFqMwsFgX8iqaUco2z9GJNoRVU5o32cHqPxF5rTfdiQi1tDCQqahKg73tiibnkB4DYrCPw","juhi.sane","w5aa;xug]j","Opera/8.74 (Windows NT 5.0; sl-SI) Presto/2.12.337 Version/11.00","pperi@hotmail.com","10.229.92.132","138.155.160.103","b684:bb3:9224:1f61:6988:c90f:11b3:e44d","#c0d120","74:12:71:3C:90:47","üò≠","memon.com","c22b5d4a-a513-4dd2-8716-18c3a832f527","Seshadri-Ramaswamy Group","krishna77@kunda.in","Right-Sized Actuating Graphicaluserinterface","Architect Leading-Edge E-Markets","Political Scientist","59800","93-8923835","Associate Degree","Notre Dame Seminary","","",""
"en_IN","","Chhavi Misra","79, Churchgate, Faridabad - 473644","","","","","","India","in","25.715097","-77.177040","1946-7-31","female","69","175.5","Gray","Green","Black","B+","","+91 79 30306910","000-00-0000","","4485403660432016","2023-11-30","866","Visa Retired","IN24538818212450603118092727","XKWPMZSJEX1","2147483647","44103086","FIRST COMMONWEALTH BANK","15tgLUwSsqErzaNziRyLbhK5VUixM7sN3S","0x7399A13c2607Dae93A0f26F43e047048fBa564Cc","rh1SwJhJYhoEpHpyUeTcchFSuWcK5BjNmJ","49ckEdfJSD6U8S4gQaLm6r2nzJJdo3Ba3VDaWrNFmDhN1k8FCjB5PRg6T6jHSdGt3v9K6kddzXAcggZpwT3yr1xXQWogYqd","ishat.chacko","_ux[Su6CU{%]k)","Opera/8.62 (X11; Linux i686; sl-SI) Presto/2.11.222 Version/11.00","ibrahim27@yahoo.co.in","10.129.15.7","16.53.145.148","ccc2:e6d6:4ab3:918e:784d:f378:e8c3:ab5c","#0d774f","EE:54:B9:A4:40:D9","üòà","chawla.ac.in","ecf0e798-a95f-44c3-ae50-1b95e11bf5ba","Sharma Ltd LLC","tulsi.kibe@bhasin.com","Enhanced Heuristic Functionalities","Leverage E-Business E-Commerce","Wellhead Pumper","107200","27-8938896","Some College","Yeshiva University","","",""